{
    "num_scenarios": 1000,
    "num_obstacles": 1,
    "seed": 42,
    "validation": {
        "min_ee_height": 0.05,
        "min_ee_obstacle_dist": 0.02,
        "moveit_validated": true
    },
    "scenarios": [
        {
            "scenario_id": 2,
            "q_start": [
                1.3642160892486572,
                0.19558727741241455,
                1.1765053272247314,
                -2.5455880165100098,
                -1.784911870956421,
                1.2993499040603638,
                -0.41228723526000977
            ],
            "e_start": [
                -0.2463226467370987,
                0.3857319951057434,
                0.3017314672470093
            ],
            "q_target": [
                1.0140604972839355,
                1.3222861289978027,
                0.1410057544708252,
                -0.2554287910461426,
                2.519033193588257,
                2.0896432399749756,
                1.8708775043487549
            ],
            "e_target": [
                0.40234848856925964,
                0.7719433903694153,
                0.49926644563674927
            ],
            "obstacles": [
                [
                    -0.020620033144950867,
                    0.5201127529144287,
                    0.668807585701814,
                    0.1442909703912519
                ]
            ]
        },
        {
            "scenario_id": 4,
            "q_start": [
                0.43723416328430176,
                1.0076394081115723,
                -1.940928339958191,
                -0.21597814559936523,
                0.42433619499206543,
                2.063628911972046,
                2.382941484451294
            ],
            "e_start": [
                0.7160173058509827,
                0.10120278596878052,
                0.8122854232788086
            ],
            "q_target": [
                2.0011579990386963,
                0.10314679145812988,
                -0.9984980821609497,
                -1.8722386360168457,
                -0.35878539085388184,
                1.837949514389038,
                1.2201693058013916
            ],
            "e_target": [
                0.336262971162796,
                0.4550706744194031,
                0.426095575094223
            ],
            "obstacles": [
                [
                    0.5013039112091064,
                    0.3012799620628357,
                    0.5025307919231093,
                    0.06608080514174987
                ]
            ]
        },
        {
            "scenario_id": 5,
            "q_start": [
                1.0255496501922607,
                -1.2825875282287598,
                -2.291081428527832,
                -0.7362165451049805,
                -2.575911521911621,
                0.583156168460846,
                -1.839624285697937
            ],
            "e_start": [
                -0.33570006489753723,
                -0.6095497012138367,
                0.3900986909866333
            ],
            "q_target": [
                -0.24837541580200195,
                0.875403642654419,
                0.03980112075805664,
                -0.34342074394226074,
                -0.9613505601882935,
                1.4985226392745972,
                1.3962657451629639
            ],
            "e_target": [
                0.6813139915466309,
                -0.30725666880607605,
                0.6118868589401245
            ],
            "obstacles": [
                [
                    0.31641313433647156,
                    -0.4157182574272156,
                    0.6472244460347929,
                    0.08850977286019253
                ]
            ]
        },
        {
            "scenario_id": 10,
            "q_start": [
                2.251962900161743,
                0.8271381855010986,
                -0.6304872035980225,
                -1.4339537620544434,
                0.07132935523986816,
                3.1204946041107178,
                -1.0757863521575928
            ],
            "e_start": [
                -0.18373742699623108,
                0.8015720844268799,
                0.35214129090309143
            ],
            "q_target": [
                2.166754961013794,
                -1.197999358177185,
                -1.3476929664611816,
                -1.9035937786102295,
                1.1359593868255615,
                2.3624086380004883,
                -2.2956061363220215
            ],
            "e_target": [
                0.5634901523590088,
                0.252684086561203,
                0.5766111612319946
            ],
            "obstacles": [
                [
                    0.1805190145969391,
                    0.5340017080307007,
                    0.7074097511688326,
                    0.07734070719307062
                ]
            ]
        }
    ]
}