{
  "num_scenarios": 15,
  "num_obstacles": 1,
  "seed": 42,
  "validation": {
    "min_ee_height": 0.05,
    "min_ee_obstacle_dist": 0.02,
    "moveit_validated": true
  },
  "source": "Subset of test_scenes.json",
  "selected_ids": [
    1,
    6,
    10,
    18,
    25,
    28,
    36,
    40,
    52,
    56,
    57,
    62,
    79,
    90,
    98
  ],
  "scenarios": [
    {
      "scenario_id": 1,
      "q_start": [
        -0.9962954521179199,
        0.20155119895935059,
        1.34946608543396,
        -1.1871286630630493,
        2.7119767665863037,
        2.6090521812438965,
        0.211686372756958
      ],
      "e_start": [
        0.6069555878639221,
        0.1023295521736145,
        0.9090175628662109
      ],
      "q_target": [
        -0.9273067712783813,
        0.7113003730773926,
        2.795262098312378,
        -1.2398837804794312,
        0.8575055599212646,
        0.5713046789169312,
        -1.876502275466919
      ],
      "e_target": [
        -0.017399035394191742,
        0.0370585173368454,
        0.8796008825302124
      ],
      "obstacles": [
        [
          0.38481175899505615,
          0.07910627871751785,
          0.6460723242676091,
          0.08663618432936918
        ]
      ]
    },
    {
      "scenario_id": 6,
      "q_start": [
        -0.9748115539550781,
        -0.2676565647125244,
        -2.4235947132110596,
        -1.4184520244598389,
        -2.0045318603515625,
        1.1705915927886963,
        -1.1380826234817505
      ],
      "e_start": [
        -0.4666314125061035,
        0.3830363154411316,
        0.7298785448074341
      ],
      "q_target": [
        -2.025752067565918,
        0.16278958320617676,
        0.3835716247558594,
        -2.592371702194214,
        0.8634560108184814,
        3.5065832138061523,
        1.85256028175354
      ],
      "e_target": [
        -0.13772614300251007,
        -0.47728803753852844,
        0.22676275670528412
      ],
      "obstacles": [
        [
          -0.337858647108078,
          0.04620271921157837,
          0.5384899549143964,
          0.07897514529137681
        ]
      ]
    },
    {
      "scenario_id": 10,
      "q_start": [
        1.9296634197235107,
        -0.6283445358276367,
        -1.7669813632965088,
        -1.0188519954681396,
        0.6842045783996582,
        2.921600818634033,
        -1.1173560619354248
      ],
      "e_start": [
        0.6373202800750732,
        -0.32075387239456177,
        0.8361529111862183
      ],
      "q_target": [
        1.6868469715118408,
        -0.27103519439697266,
        0.17589139938354492,
        -2.7501697540283203,
        -2.801933765411377,
        2.537381887435913,
        -2.012661933898926
      ],
      "e_target": [
        -0.11049780249595642,
        0.41191795468330383,
        0.27197176218032837
      ],
      "obstacles": [
        [
          0.2665661871433258,
          0.042490988969802856,
          0.9928252270553004,
          0.07420552715115004
        ]
      ]
    },
    {
      "scenario_id": 18,
      "q_start": [
        -0.5290372371673584,
        0.56573486328125,
        -2.0016252994537354,
        -0.40168046951293945,
        -0.5299644470214844,
        2.8412067890167236,
        -2.6024537086486816
      ],
      "e_start": [
        0.26342546939849854,
        -0.37389111518859863,
        1.1146531105041504
      ],
      "q_target": [
        0.9119009971618652,
        -1.4035062789916992,
        0.04416918754577637,
        -0.5450639724731445,
        -0.7810976505279541,
        2.948737382888794,
        -2.467237949371338
      ],
      "e_target": [
        -0.5319281220436096,
        -0.6046152710914612,
        0.7413272857666016
      ],
      "obstacles": [
        [
          -0.09294342994689941,
          -0.4772701859474182,
          0.5077283082644337,
          0.14283185625877254
        ]
      ]
    },
    {
      "scenario_id": 25,
      "q_start": [
        2.84224009513855,
        0.10773205757141113,
        -2.2298219203948975,
        -2.1912710666656494,
        2.773982286453247,
        1.2602355480194092,
        1.1536977291107178
      ],
      "e_start": [
        0.39783579111099243,
        0.3912741541862488,
        0.6437855958938599
      ],
      "q_target": [
        0.36578917503356934,
        -0.2973966598510742,
        1.198157548904419,
        -1.0593366622924805,
        1.0283927917480469,
        0.4908314645290375,
        -2.3631160259246826
      ],
      "e_target": [
        -0.25522518157958984,
        0.27858051657676697,
        0.7661378383636475
      ],
      "obstacles": [
        [
          -0.03201499581336975,
          0.31709814071655273,
          0.6946008393670815,
          0.05108376514802984
        ]
      ]
    },
    {
      "scenario_id": 28,
      "q_start": [
        -0.10805439949035645,
        1.1363697052001953,
        -1.275022029876709,
        -1.0943185091018677,
        -2.6352968215942383,
        3.1809678077697754,
        -1.8023381233215332
      ],
      "e_start": [
        0.5411020517349243,
        -0.5913656949996948,
        0.38152384757995605
      ],
      "q_target": [
        0.7248742580413818,
        -0.6116447448730469,
        -0.37572741508483887,
        -1.1023145914077759,
        -1.6309738159179688,
        0.39768242835998535,
        -0.6645898818969727
      ],
      "e_target": [
        0.06078260391950607,
        -0.26266852021217346,
        0.8746431469917297
      ],
      "obstacles": [
        [
          0.2613174617290497,
          -0.3999006152153015,
          0.5406743903209499,
          0.058483771408519195
        ]
      ]
    },
    {
      "scenario_id": 36,
      "q_start": [
        2.749345541000366,
        1.1490287780761719,
        1.1547048091888428,
        -2.349210262298584,
        -1.518491506576538,
        2.6483664512634277,
        -1.2855156660079956
      ],
      "e_start": [
        -0.25284504890441895,
        -0.4367157518863678,
        0.1197037398815155
      ],
      "q_target": [
        -2.070539951324463,
        -0.11397349834442139,
        2.0683138370513916,
        -1.5196861028671265,
        -0.1051938533782959,
        0.6822567582130432,
        1.237072229385376
      ],
      "e_target": [
        0.41041427850723267,
        0.004244998097419739,
        0.5545176267623901
      ],
      "obstacles": [
        [
          -0.009048134088516235,
          -0.27463001012802124,
          0.6392951695159793,
          0.06770104842767469
        ]
      ]
    },
    {
      "scenario_id": 40,
      "q_start": [
        -2.274306058883667,
        -1.6042375564575195,
        1.2160413265228271,
        -0.5870506763458252,
        0.5097460746765137,
        2.650479316711426,
        -1.0697600841522217
      ],
      "e_start": [
        0.7802081108093262,
        0.4404113292694092,
        0.4195905327796936
      ],
      "q_target": [
        2.130462884902954,
        -1.261155605316162,
        1.057591438293457,
        -1.531507968902588,
        1.8295419216156006,
        3.161804676055908,
        -0.429110050201416
      ],
      "e_target": [
        -0.28814053535461426,
        -0.4878483712673187,
        0.820462703704834
      ],
      "obstacles": [
        [
          0.29847511649131775,
          0.02184632420539856,
          0.5100355988888632,
          0.08220791655831783
        ]
      ]
    },
    {
      "scenario_id": 52,
      "q_start": [
        1.649343729019165,
        -0.7856727242469788,
        -1.918330192565918,
        -1.9785757064819336,
        2.2677066326141357,
        1.6798038482666016,
        -1.458229422569275
      ],
      "e_start": [
        0.6276742219924927,
        -0.22223800420761108,
        0.47067251801490784
      ],