{
  "model.ckpt-015350.pt": {
    "am_auc": 0.7893,
    "am_mean_min_dist": 0.04376321724907029,
    "am_min_dist": [
      0.0013673059875145555,
      0.024398135021328926,
      0.08962387591600418,
      0.015053709968924522,
      0.005860175471752882,
      0.32533568143844604,
      0.11154406517744064,
      0.0023278240114450455,
      0.10148517042398453,
      0.01316847838461399,
      0.003384595038369298,
      0.00489404983818531,
      0.006296806037425995,
      0.002517967950552702,
      0.0008851810125634074,
      0.0019505061209201813,
      0.0020687966607511044,
      0.16970457136631012,
      0.0010200324468314648,
      0.0011333428556099534,
      0.00068749173078686,
      0.000633281422778964,
      0.0013531355652958155,
      0.011839725077152252,
      0.000567495881114155,
      0.002856301376596093,
      0.00028155132895335555,
      0.0010118231875821948,
      0.0026551559567451477,
      0.0024507148191332817,
      0.0074588702991604805,
      0.0034779063425958157,
      0.0005323142977431417,
      0.004187961108982563,
      0.00573970191180706,
      0.024030344560742378,
      0.00982489064335823,
      0.08905690163373947,
      0.0005076706875115633,
      0.0002349271671846509,
      0.0011574897216632962,
      0.16988378763198853,
      0.00248657981865108,
      0.001609188038855791,
      0.002441316843032837,
      0.16881625354290009,
      0.0007439962355419993,
      0.07635138183832169,
      0.0001220611302414909,
      0.0017291002441197634,
      0.0031456558499485254,
      0.0016947269905358553,
      0.009220387786626816,
      0.014627340249717236,
      0.0011071518529206514,
      0.0005149189964868128,
      0.0006364440778270364,
      0.0005561725702136755,
      0.0007002996862865984,
      0.0024580066092312336,
      0.0005080945556983352,
      0.0017753923311829567,
      0.0007372391410171986,
      0.0075880843214690685,
      0.0038857993204146624,
      0.011684189550578594,
      0.0010702317813411355,
      0.0012292085448279977,
      0.00284981494769454,
      0.00013004492211621255,
      0.08715292066335678,
      0.0021124430932104588,
      0.0012254177127033472,
      0.004530710633844137,
      0.2347692996263504,
      0.2499983310699463,
      0.036991558969020844,
      0.18664583563804626,
      0.7060109376907349,
      0.5745194554328918,
      0.0005747326067648828,
      0.00042179165757261217,
      0.00464281952008605,
      0.017056791111826897,
      0.0005317716859281063,
      0.0067780157551169395,
      0.003283656667917967,
      0.0029993271455168724,
      0.026825442910194397,
      0.15147656202316284,
      0.0016526100225746632,
      0.005131764803081751,
      0.3750973641872406,
      0.003920234739780426,
      0.10218838602304459,
      0.0008434011251665652,
      0.0014897253131493926,
      0.041359107941389084,
      0.0009158082539215684,
      0.0003067056240979582
    ],
    "epoch_vae": 15350,
    "l2_dist_posterior": 0.004937794683128595,
    "l2_dist_prior": 0.04178484156727791,
    "path": "/home/rck/Documents/7.RTLS_WITH_CBFS/model_params/panda_10k/snapshots/model.ckpt-015350.pt",
    "train_elbo": 33.088926190185546,
    "train_geco_lambda": 4385.180728125,
    "train_kl": 33.08779993286133,
    "train_loss": 38.02655504150391,
    "train_mse": 0.0011262364560738207,
    "val_elbo": 33.188950988769534,
    "val_geco_lambda": 4385.25830078125,
    "val_kl": 33.18773498535156,
    "val_loss": 38.51984574584961,
    "val_mse": 0.0012159170351922512
  }
}